CO_UF,UF,REGIAO,POPULACAO,RENDA_PER_CAPITA,IDH_ESTADUAL,ANO_POPULACAO,FONTE_POPULACAO,ANO_RENDA,FONTE_RENDA,ANO_IDH,FONTE_IDH
11,RO,Norte,1581196,1525.0,0.768,2022,"IBGE - Censo Demográfico 2022 (SIDRA tabela 4709, variável 93)",2023,"IBGE - PNAD Contínua anual, rendimento médio mensal real domiciliar per capita a preços médios do ano, R$ (SIDRA tabela 7531, variável 10824)",2023,"PNUD/Ipea/FJP - Radar IDHM 2012-2024 (Atlas Brasil), Tabela 5, maio/2026"
12,AC,Norte,830018,1065.0,0.74,2022,"IBGE - Censo Demográfico 2022 (SIDRA tabela 4709, variável 93)",2023,"IBGE - PNAD Contínua anual, rendimento médio mensal real domiciliar per capita a preços médios do ano, R$ (SIDRA tabela 7531, variável 10824)",2023,"PNUD/Ipea/FJP - Radar IDHM 2012-2024 (Atlas Brasil), Tabela 5, maio/2026"
13,AM,Norte,3941613,1165.0,0.764,2022,"IBGE - Censo Demográfico 2022 (SIDRA tabela 4709, variável 93)",2023,"IBGE - PNAD Contínua anual, rendimento médio mensal real domiciliar per capita a preços médios do ano, R$ (SIDRA tabela 7531, variável 10824)",2023,"PNUD/Ipea/FJP - Radar IDHM 2012-2024 (Atlas Brasil), Tabela 5, maio/2026"
14,RR,Norte,636707,1452.0,0.769,2022,"IBGE - Censo Demográfico 2022 (SIDRA tabela 4709, variável 93)",2023,"IBGE - PNAD Contínua anual, rendimento médio mensal real domiciliar per capita a preços médios do ano, R$ (SIDRA tabela 7531, variável 10824)",2023,"PNUD/Ipea/FJP - Radar IDHM 2012-2024 (Atlas Brasil), Tabela 5, maio/2026"
15,PA,Norte,8120131,1262.0,0.753,2022,"IBGE - Censo Demográfico 2022 (SIDRA tabela 4709, variável 93)",2023,"IBGE - PNAD Contínua anual, rendimento médio mensal real domiciliar per capita a preços médios do ano, R$ (SIDRA tabela 7531, variável 10824)",2023,"PNUD/Ipea/FJP - Radar IDHM 2012-2024 (Atlas Brasil), Tabela 5, maio/2026"
16,AP,Norte,733759,1509.0,0.767,2022,"IBGE - Censo Demográfico 2022 (SIDRA tabela 4709, variável 93)",2023,"IBGE - PNAD Contínua anual, rendimento médio mensal real domiciliar per capita a preços médios do ano, R$ (SIDRA tabela 7531, variável 10824)",2023,"PNUD/Ipea/FJP - Radar IDHM 2012-2024 (Atlas Brasil), Tabela 5, maio/2026"
17,TO,Norte,1511460,1553.0,0.789,2022,"IBGE - Censo Demográfico 2022 (SIDRA tabela 4709, variável 93)",2023,"IBGE - PNAD Contínua anual, rendimento médio mensal real domiciliar per capita a preços médios do ano, R$ (SIDRA tabela 7531, variável 10824)",2023,"PNUD/Ipea/FJP - Radar IDHM 2012-2024 (Atlas Brasil), Tabela 5, maio/2026"
21,MA,Nordeste,6776699,966.0,0.74,2022,"IBGE - Censo Demográfico 2022 (SIDRA tabela 4709, variável 93)",2023,"IBGE - PNAD Contínua anual, rendimento médio mensal real domiciliar per capita a preços médios do ano, R$ (SIDRA tabela 7531, variável 10824)",2023,"PNUD/Ipea/FJP - Radar IDHM 2012-2024 (Atlas Brasil), Tabela 5, maio/2026"
22,PI,Nordeste,3271199,1320.0,0.761,2022,"IBGE - Censo Demográfico 2022 (SIDRA tabela 4709, variável 93)",2023,"IBGE - PNAD Contínua anual, rendimento médio mensal real domiciliar per capita a preços médios do ano, R$ (SIDRA tabela 7531, variável 10824)",2023,"PNUD/Ipea/FJP - Radar IDHM 2012-2024 (Atlas Brasil), Tabela 5, maio/2026"
23,CE,Nordeste,8794957,1130.0,0.773,2022,"IBGE - Censo Demográfico 2022 (SIDRA tabela 4709, variável 93)",2023,"IBGE - PNAD Contínua anual, rendimento médio mensal real domiciliar per capita a preços médios do ano, R$ (SIDRA tabela 7531, variável 10824)",2023,"PNUD/Ipea/FJP - Radar IDHM 2012-2024 (Atlas Brasil), Tabela 5, maio/2026"
24,RN,Nordeste,3302729,1321.0,0.763,2022,"IBGE - Censo Demográfico 2022 (SIDRA tabela 4709, variável 93)",2023,"IBGE - PNAD Contínua anual, rendimento médio mensal real domiciliar per capita a preços médios do ano, R$ (SIDRA tabela 7531, variável 10824)",2023,"PNUD/Ipea/FJP - Radar IDHM 2012-2024 (Atlas Brasil), Tabela 5, maio/2026"
25,PB,Nordeste,3974687,1338.0,0.757,2022,"IBGE - Censo Demográfico 2022 (SIDRA tabela 4709, variável 93)",2023,"IBGE - PNAD Contínua anual, rendimento médio mensal real domiciliar per capita a preços médios do ano, R$ (SIDRA tabela 7531, variável 10824)",2023,"PNUD/Ipea/FJP - Radar IDHM 2012-2024 (Atlas Brasil), Tabela 5, maio/2026"
26,PE,Nordeste,9058931,1098.0,0.754,2022,"IBGE - Censo Demográfico 2022 (SIDRA tabela 4709, variável 93)",2023,"IBGE - PNAD Contínua anual, rendimento médio mensal real domiciliar per capita a preços médios do ano, R$ (SIDRA tabela 7531, variável 10824)",2023,"PNUD/Ipea/FJP - Radar IDHM 2012-2024 (Atlas Brasil), Tabela 5, maio/2026"
27,AL,Nordeste,3127683,1110.0,0.739,2022,"IBGE - Censo Demográfico 2022 (SIDRA tabela 4709, variável 93)",2023,"IBGE - PNAD Contínua anual, rendimento médio mensal real domiciliar per capita a preços médios do ano, R$ (SIDRA tabela 7531, variável 10824)",2023,"PNUD/Ipea/FJP - Radar IDHM 2012-2024 (Atlas Brasil), Tabela 5, maio/2026"
28,SE,Nordeste,2210004,1186.0,0.748,2022,"IBGE - Censo Demográfico 2022 (SIDRA tabela 4709, variável 93)",2023,"IBGE - PNAD Contínua anual, rendimento médio mensal real domiciliar per capita a preços médios do ano, R$ (SIDRA tabela 7531, variável 10824)",2023,"PNUD/Ipea/FJP - Radar IDHM 2012-2024 (Atlas Brasil), Tabela 5, maio/2026"
29,BA,Nordeste,14141626,1110.0,0.74,2022,"IBGE - Censo Demográfico 2022 (SIDRA tabela 4709, variável 93)",2023,"IBGE - PNAD Contínua anual, rendimento médio mensal real domiciliar per capita a preços médios do ano, R$ (SIDRA tabela 7531, variável 10824)",2023,"PNUD/Ipea/FJP - Radar IDHM 2012-2024 (Atlas Brasil), Tabela 5, maio/2026"
31,MG,Sudeste,20539989,1857.0,0.803,2022,"IBGE - Censo Demográfico 2022 (SIDRA tabela 4709, variável 93)",2023,"IBGE - PNAD Contínua anual, rendimento médio mensal real domiciliar per capita a preços médios do ano, R$ (SIDRA tabela 7531, variável 10824)",2023,"PNUD/Ipea/FJP - Radar IDHM 2012-2024 (Atlas Brasil), Tabela 5, maio/2026"
32,ES,Sudeste,3833712,1866.0,0.803,2022,"IBGE - Censo Demográfico 2022 (SIDRA tabela 4709, variável 93)",2023,"IBGE - PNAD Contínua anual, rendimento médio mensal real domiciliar per capita a preços médios do ano, R$ (SIDRA tabela 7531, variável 10824)",2023,"PNUD/Ipea/FJP - Radar IDHM 2012-2024 (Atlas Brasil), Tabela 5, maio/2026"
33,RJ,Sudeste,16055174,2305.0,0.813,2022,"IBGE - Censo Demográfico 2022 (SIDRA tabela 4709, variável 93)",2023,"IBGE - PNAD Contínua anual, rendimento médio mensal real domiciliar per capita a preços médios do ano, R$ (SIDRA tabela 7531, variável 10824)",2023,"PNUD/Ipea/FJP - Radar IDHM 2012-2024 (Atlas Brasil), Tabela 5, maio/2026"
35,SP,Sudeste,44411238,2408.0,0.836,2022,"IBGE - Censo Demográfico 2022 (SIDRA tabela 4709, variável 93)",2023,"IBGE - PNAD Contínua anual, rendimento médio mensal real domiciliar per capita a preços médios do ano, R$ (SIDRA tabela 7531, variável 10824)",2023,"PNUD/Ipea/FJP - Radar IDHM 2012-2024 (Atlas Brasil), Tabela 5, maio/2026"
41,PR,Sul,11444380,2025.0,0.812,2022,"IBGE - Censo Demográfico 2022 (SIDRA tabela 4709, variável 93)",2023,"IBGE - PNAD Contínua anual, rendimento médio mensal real domiciliar per capita a preços médios do ano, R$ (SIDRA tabela 7531, variável 10824)",2023,"PNUD/Ipea/FJP - Radar IDHM 2012-2024 (Atlas Brasil), Tabela 5, maio/2026"
42,SC,Sul,7610361,2226.0,0.821,2022,"IBGE - Censo Demográfico 2022 (SIDRA tabela 4709, variável 93)",2023,"IBGE - PNAD Contínua anual, rendimento médio mensal real domiciliar per capita a preços médios do ano, R$ (SIDRA tabela 7531, variável 10824)",2023,"PNUD/Ipea/FJP - Radar IDHM 2012-2024 (Atlas Brasil), Tabela 5, maio/2026"
43,RS,Sul,10882965,2246.0,0.806,2022,"IBGE - Censo Demográfico 2022 (SIDRA tabela 4709, variável 93)",2023,"IBGE - PNAD Contínua anual, rendimento médio mensal real domiciliar per capita a preços médios do ano, R$ (SIDRA tabela 7531, variável 10824)",2023,"PNUD/Ipea/FJP - Radar IDHM 2012-2024 (Atlas Brasil), Tabela 5, maio/2026"
50,MS,Centro-Oeste,2757013,1993.0,0.79,2022,"IBGE - Censo Demográfico 2022 (SIDRA tabela 4709, variável 93)",2023,"IBGE - PNAD Contínua anual, rendimento médio mensal real domiciliar per capita a preços médios do ano, R$ (SIDRA tabela 7531, variável 10824)",2023,"PNUD/Ipea/FJP - Radar IDHM 2012-2024 (Atlas Brasil), Tabela 5, maio/2026"
51,MT,Centro-Oeste,3658649,1956.0,0.795,2022,"IBGE - Censo Demográfico 2022 (SIDRA tabela 4709, variável 93)",2023,"IBGE - PNAD Contínua anual, rendimento médio mensal real domiciliar per capita a preços médios do ano, R$ (SIDRA tabela 7531, variável 10824)",2023,"PNUD/Ipea/FJP - Radar IDHM 2012-2024 (Atlas Brasil), Tabela 5, maio/2026"
52,GO,Centro-Oeste,7056495,1959.0,0.809,2022,"IBGE - Censo Demográfico 2022 (SIDRA tabela 4709, variável 93)",2023,"IBGE - PNAD Contínua anual, rendimento médio mensal real domiciliar per capita a preços médios do ano, R$ (SIDRA tabela 7531, variável 10824)",2023,"PNUD/Ipea/FJP - Radar IDHM 2012-2024 (Atlas Brasil), Tabela 5, maio/2026"
53,DF,Centro-Oeste,2817381,3212.0,0.87,2022,"IBGE - Censo Demográfico 2022 (SIDRA tabela 4709, variável 93)",2023,"IBGE - PNAD Contínua anual, rendimento médio mensal real domiciliar per capita a preços médios do ano, R$ (SIDRA tabela 7531, variável 10824)",2023,"PNUD/Ipea/FJP - Radar IDHM 2012-2024 (Atlas Brasil), Tabela 5, maio/2026"
